Data,Canal,Prato,Quantidade,Valor unitário,Total,Pagamento,Tipo_registro
2026-09-22,WhatsApp,carre,1,25,25,Dinheiro,Registro
2026-09-22,WhatsApp,dobradinha,1,25,25,Pix,Registro
2026-09-22,WhatsApp,dobradinha,1,25,25,Pix,Registro
2026-09-22,Telefone,dobradinha,1,25,25,Pix,Registro
2026-09-22,Telefone,dobradinha,2,25,50,Pix,Registro
2026-09-22,Avulsa,dobradinha,1,25,25,Pix,Registro
2026-09-22,Telefone,carre,1,25,25,Dinheiro,Registro
2026-09-22,Avulsa,carre,1,25,25,Pix,Registro
2026-09-22,Avulsa,dobradinha,1,25,25,Pix,Registro
2026-09-22,WhatsApp,dobradinha /carre,2,0,0,Doação,Doação
2026-09-22,WhatsApp,carre,1,25,25,Pix,Registro
2026-09-22,Avulsa,dobradinha,1,25,25,Pix,Registro
2026-09-22,WhatsApp,carre,1,25,25,Pix,Registro
2026-09-22,Telefone,dobradinha,1,25,25,Pix,Registro
2026-09-22,Telefone,carre/dobradinha,3,25,75,Pix,Registro
2026-09-22,Avulsa,linguica,1,0,0,Doação,Doação
2026-09-22,Casa,carre,2,25,50,Pix,Registro
2026-09-22,Casa,carre,3,25,50,Dinheiro,Registro
2026-09-22,Casa,dobradinha/linguica,4,25,100,Dinheiro,Registro
2026-09-23,WhatsApp,peixe,1,25,25,Pix,Registro
2026-09-23,WhatsApp,peixe,1,25,25,Pix,Registro
2026-09-23,Telefone,peixe,1,25,25,Pix,Registro
2026-09-23,Telefone,parmegiana,2,25,50,Pix,Registro
2026-09-23,Avulsa,parmegiana,1,25,25,Pix,Registro
2026-09-23,Telefone,parmegiana,1,25,25,Dinheiro,Registro
2026-09-23,Avulsa,parmegiana,1,25,25,Pix,Registro
2026-09-23,Avulsa,parmegiana,1,25,25,Pix,Registro
2026-09-23,WhatsApp,peixe,2,0,0,Doação,Doação
2026-09-23,WhatsApp,peixe,1,25,25,Pix,Registro
2026-09-23,Avulsa,peixe,1,25,25,Pix,Registro
2026-09-23,WhatsApp,peixe,1,25,25,Pix,Registro
2026-09-23,Telefone,parmegiana,1,25,25,Pix,Registro
2026-09-23,Telefone,parmegiana,3,25,75,Pix,Registro
2026-09-23,Avulsa,peixe,1,0,0,Doação,Doação
2026-09-23,Casa,peixe,2,25,50,Pix,Registro
2026-09-23,Casa,peixe,3,25,50,Dinheiro,Registro
2026-09-23,Casa,parmegiana,4,25,100,Dinheiro,Registro
2026-09-23,Casa,peixe,5,25,125,Pix,Registro
2026-09-23,Casa,peixe,2,25,50,Pix,Registro
2026-09-23,Casa,peixe,2,25,50,Pix,Registro
2026-09-23,Telefone,peixe,3,25,75,Pix,Registro
2026-09-23,Telefone,parmegiana,3,25,75,Pix,Registro
2026-09-23,Telefone,parmegiana,1,25,25,Pix,Registro
2026-09-24,WhatsApp,peixe,1,25,25,Pix,Registro
2026-09-24,WhatsApp,peixe,1,25,25,Pix,Registro
2026-09-24,Telefone,peixe,1,25,25,Pix,Registro
2026-09-24,Telefone,parmegiana,2,25,50,Pix,Registro
2026-09-24,Avulsa,parmegiana,1,25,25,Pix,Registro
2026-09-24,Telefone,parmegiana,1,25,25,Dinheiro,Registro
2026-09-24,Avulsa,parmegiana,1,25,25,Pix,Registro
2026-09-24,Avulsa,parmegiana,1,25,25,Pix,Registro
2026-09-24,WhatsApp,peixe,2,0,0,Doação,Doação
2026-09-24,WhatsApp,peixe,1,25,25,Pix,Registro
2026-09-24,Avulsa,peixe,1,25,25,Pix,Registro
2026-09-24,WhatsApp,peixe,1,25,25,Pix,Registro
2026-09-24,Telefone,parmegiana,1,25,25,Pix,Registro
2026-09-24,Telefone,parmegiana,3,25,75,Pix,Registro
2026-09-24,Avulsa,peixe,1,0,0,Doação,Doação
2026-09-24,Casa,peixe,2,25,50,Pix,Registro
2026-09-24,Casa,peixe,3,25,50,Dinheiro,Registro
2026-09-24,Casa,parmegiana,4,25,100,Dinheiro,Registro
2026-09-24,Casa,peixe,5,25,125,Pix,Registro
2026-09-24,Casa,peixe,2,25,50,Pix,Registro
2026-09-24,Casa,peixe,2,25,50,Pix,Registro
2026-09-24,Telefone,peixe,3,25,75,Pix,Registro
2026-09-24,Telefone,parmegiana,3,25,75,Pix,Registro
2026-09-24,Telefone,parmegiana,1,25,25,Pix,Registro
2026-09-24,Casa,feijoada,1,30,30,Dinheiro,Registro
2026-09-24,Telefone,feijoada,1,30,30,Dinheiro,Registro
2026-09-24,WhatsApp,feijoada,1,30,30,Pix,Registro
2026-09-24,WhatsApp,feijoada,1,30,30,Pix,Registro
2026-09-24,WhatsApp,feijoada,1,30,30,Pix,Registro
2026-09-24,WhatsApp,feijoada,12,30,350,Pix,Registro
2026-09-24,WhatsApp,feijoada,2,30,60,Pix,Registro
2026-09-24,WhatsApp,feijoada,2,30,60,Pix,Registro
2026-09-24,WhatsApp,feijoada,2,30,60,Pix,Registro
2026-09-24,WhatsApp,feijoada,1,30,30,Pix,Registro
2026-09-24,WhatsApp,feijoada,1,30,30,Pix,Registro
2026-09-24,iFood,feijoada,1,30,30,Pix,Registro
2026-09-24,Telefone,feijoada,1,30,30,Pix,Registro
2026-09-24,Telefone,feijoada,1,30,30,Pix,Registro
2026-09-24,iFood,feijoada,4,30,120,Pix,Registro
2026-09-24,WhatsApp,feijoada,2,30,60,Pix,Registro
2026-09-24,WhatsApp,feijoada,2,30,60,Pix,Registro
2026-09-24,WhatsApp,feijoada,2,30,60,Pix,Registro
2026-09-24,WhatsApp,feijoada,1,30,30,Pix,Registro
2026-09-24,WhatsApp,feijoada,2,30,60,Pix,Registro
2026-09-24,WhatsApp,feijoada,2,30,60,Pix,Registro
2026-09-24,WhatsApp,feijoada,1,30,30,Pix,Registro
2026-09-24,WhatsApp,feijoada,1,30,30,Pix,Registro
2026-09-24,WhatsApp,feijoada,1,30,30,Pix,Registro
2026-09-24,Casa,feijoada,4,30,120,Pix,Registro
2026-09-24,Casa,feijoada,1,30,30,Pix,Registro
2026-09-24,Casa,feijoada,1,30,30,Pix,Registro
2026-09-24,Casa,feijoada,10,30,300,Pix,Registro
2026-09-24,Casa,feijoada,3,30,90,Pix,Registro
2026-09-25,Casa,feijoada,15,30,450,Pix,Registro
